,F,L,S,Y,*,C,W,P,H,Q,R,I,M,T,N,K,V,A,D,E,G
F,0.111111,0.333333,0.111111,0.111111,0.0,0.111111,0.0,0.0,0.0,0.0,0.0,0.111111,0.0,0.0,0.0,0.0,0.111111,0.0,0.0,0.0,0.0
L,0.111111,0.333333,0.037037,0.0,0.055556,0.0,0.018519,0.074074,0.037037,0.037037,0.074074,0.074074,0.037037,0.0,0.0,0.0,0.111111,0.0,0.0,0.0,0.0
S,0.037037,0.037037,0.259259,0.037037,0.055556,0.074074,0.018519,0.074074,0.0,0.0,0.111111,0.037037,0.0,0.111111,0.037037,0.0,0.0,0.074074,0.0,0.0,0.037037
Y,0.111111,0.0,0.111111,0.111111,0.222222,0.111111,0.0,0.0,0.111111,0.0,0.0,0.0,0.0,0.0,0.111111,0.0,0.0,0.0,0.111111,0.0,0.0
*,0.0,0.111111,0.111111,0.148148,0.148148,0.074074,0.074074,0.0,0.0,0.074074,0.074074,0.0,0.0,0.0,0.0,0.074074,0.0,0.0,0.0,0.074074,0.037037
C,0.111111,0.0,0.222222,0.111111,0.111111,0.111111,0.111111,0.0,0.0,0.0,0.111111,0.0,0.0,0.0,0.0,0.0,0.0,0.0,0.0,0.0,0.111111
W,0.0,0.111111,0.111111,0.0,0.222222,0.222222,0.0,0.0,0.0,0.0,0.222222,0.0,0.0,0.0,0.0,0.0,0.0,0.0,0.0,0.0,0.111111
P,0.0,0.111111,0.111111,0.0,0.0,0.0,0.0,0.333333,0.055556,0.055556,0.111111,0.0,0.0,0.111111,0.0,0.0,0.0,0.111111,0.0,0.0,0.0
H,0.0,0.111111,0.0,0.111111,0.0,0.0,0.0,0.111111,0.111111,0.222222,0.111111,0.0,0.0,0.0,0.111111,0.0,0.0,0.0,0.111111,0.0,0.0
Q,0.0,0.111111,0.0,0.0,0.111111,0.0,0.0,0.111111,0.222222,0.111111,0.111111,0.0,0.0,0.0,0.0,0.111111,0.0,0.0,0.0,0.111111,0.0
R,0.0,0.074074,0.111111,0.0,0.037037,0.037037,0.037037,0.074074,0.037037,0.037037,0.333333,0.018519,0.018519,0.037037,0.0,0.037037,0.0,0.0,0.0,0.0,0.111111
I,0.074074,0.148148,0.074074,0.0,0.0,0.0,0.0,0.0,0.0,0.0,0.037037,0.222222,0.111111,0.111111,0.074074,0.037037,0.111111,0.0,0.0,0.0,0.0
M,0.0,0.222222,0.0,0.0,0.0,0.0,0.0,0.0,0.0,0.0,0.111111,0.333333,0.0,0.111111,0.0,0.111111,0.111111,0.0,0.0,0.0,0.0
T,0.0,0.0,0.166667,0.0,0.0,0.0,0.0,0.111111,0.0,0.0,0.055556,0.083333,0.027778,0.333333,0.055556,0.055556,0.0,0.111111,0.0,0.0,0.0
N,0.0,0.0,0.111111,0.111111,0.0,0.0,0.0,0.0,0.111111,0.0,0.0,0.111111,0.0,0.111111,0.111111,0.222222,0.0,0.0,0.111111,0.0,0.0
K,0.0,0.0,0.0,0.0,0.111111,0.0,0.0,0.0,0.0,0.111111,0.111111,0.055556,0.055556,0.111111,0.222222,0.111111,0.0,0.0,0.0,0.111111,0.0
V,0.055556,0.166667,0.0,0.0,0.0,0.0,0.0,0.0,0.0,0.0,0.0,0.083333,0.027778,0.0,0.0,0.0,0.333333,0.111111,0.055556,0.055556,0.111111
A,0.0,0.0,0.111111,0.0,0.0,0.0,0.0,0.111111,0.0,0.0,0.0,0.0,0.0,0.111111,0.0,0.0,0.111111,0.333333,0.055556,0.055556,0.111111
D,0.0,0.0,0.0,0.111111,0.0,0.0,0.0,0.0,0.111111,0.0,0.0,0.0,0.0,0.0,0.111111,0.0,0.111111,0.111111,0.111111,0.222222,0.111111
E,0.0,0.0,0.0,0.0,0.111111,0.0,0.0,0.0,0.0,0.111111,0.0,0.0,0.0,0.0,0.0,0.111111,0.111111,0.111111,0.222222,0.111111,0.111111
G,0.0,0.0,0.055556,0.0,0.027778,0.055556,0.027778,0.0,0.0,0.0,0.166667,0.0,0.0,0.0,0.0,0.0,0.111111,0.111111,0.055556,0.055556,0.333333
