,Phe,Leu,Ser,Tyr,Stop,Cys,Trp,Pro,His,Gln,Arg,Ile,Met,Thr,Asn,Lys,Val,Ala,Asp,Glu,Gly
Phe,0.111111,0.333333,0.111111,0.111111,0.0,0.111111,0.0,0.0,0.0,0.0,0.0,0.111111,0.0,0.0,0.0,0.0,0.111111,0.0,0.0,0.0,0.0
Leu,0.111111,0.333333,0.037037,0.0,0.055556,0.0,0.018519,0.074074,0.037037,0.037037,0.074074,0.074074,0.037037,0.0,0.0,0.0,0.111111,0.0,0.0,0.0,0.0
Ser,0.037037,0.037037,0.259259,0.037037,0.055556,0.074074,0.018519,0.074074,0.0,0.0,0.111111,0.037037,0.0,0.111111,0.037037,0.0,0.0,0.074074,0.0,0.0,0.037037
Tyr,0.111111,0.0,0.111111,0.111111,0.222222,0.111111,0.0,0.0,0.111111,0.0,0.0,0.0,0.0,0.0,0.111111,0.0,0.0,0.0,0.111111,0.0,0.0
Stop,0.0,0.111111,0.111111,0.148148,0.148148,0.074074,0.074074,0.0,0.0,0.074074,0.074074,0.0,0.0,0.0,0.0,0.074074,0.0,0.0,0.0,0.074074,0.037037
Cys,0.111111,0.0,0.222222,0.111111,0.111111,0.111111,0.111111,0.0,0.0,0.0,0.111111,0.0,0.0,0.0,0.0,0.0,0.0,0.0,0.0,0.0,0.111111
Trp,0.0,0.111111,0.111111,0.0,0.222222,0.222222,0.0,0.0,0.0,0.0,0.222222,0.0,0.0,0.0,0.0,0.0,0.0,0.0,0.0,0.0,0.111111
Pro,0.0,0.111111,0.111111,0.0,0.0,0.0,0.0,0.333333,0.055556,0.055556,0.111111,0.0,0.0,0.111111,0.0,0.0,0.0,0.111111,0.0,0.0,0.0
His,0.0,0.111111,0.0,0.111111,0.0,0.0,0.0,0.111111,0.111111,0.222222,0.111111,0.0,0.0,0.0,0.111111,0.0,0.0,0.0,0.111111,0.0,0.0
Gln,0.0,0.111111,0.0,0.0,0.111111,0.0,0.0,0.111111,0.222222,0.111111,0.111111,0.0,0.0,0.0,0.0,0.111111,0.0,0.0,0.0,0.111111,0.0
Arg,0.0,0.074074,0.111111,0.0,0.037037,0.037037,0.037037,0.074074,0.037037,0.037037,0.333333,0.018519,0.018519,0.037037,0.0,0.037037,0.0,0.0,0.0,0.0,0.111111
Ile,0.074074,0.148148,0.074074,0.0,0.0,0.0,0.0,0.0,0.0,0.0,0.037037,0.222222,0.111111,0.111111,0.074074,0.037037,0.111111,0.0,0.0,0.0,0.0
Met,0.0,0.222222,0.0,0.0,0.0,0.0,0.0,0.0,0.0,0.0,0.111111,0.333333,0.0,0.111111,0.0,0.111111,0.111111,0.0,0.0,0.0,0.0
Thr,0.0,0.0,0.166667,0.0,0.0,0.0,0.0,0.111111,0.0,0.0,0.055556,0.083333,0.027778,0.333333,0.055556,0.055556,0.0,0.111111,0.0,0.0,0.0
Asn,0.0,0.0,0.111111,0.111111,0.0,0.0,0.0,0.0,0.111111,0.0,0.0,0.111111,0.0,0.111111,0.111111,0.222222,0.0,0.0,0.111111,0.0,0.0
Lys,0.0,0.0,0.0,0.0,0.111111,0.0,0.0,0.0,0.0,0.111111,0.111111,0.055556,0.055556,0.111111,0.222222,0.111111,0.0,0.0,0.0,0.111111,0.0
Val,0.055556,0.166667,0.0,0.0,0.0,0.0,0.0,0.0,0.0,0.0,0.0,0.083333,0.027778,0.0,0.0,0.0,0.333333,0.111111,0.055556,0.055556,0.111111
Ala,0.0,0.0,0.111111,0.0,0.0,0.0,0.0,0.111111,0.0,0.0,0.0,0.0,0.0,0.111111,0.0,0.0,0.111111,0.333333,0.055556,0.055556,0.111111
Asp,0.0,0.0,0.0,0.111111,0.0,0.0,0.0,0.0,0.111111,0.0,0.0,0.0,0.0,0.0,0.111111,0.0,0.111111,0.111111,0.111111,0.222222,0.111111
Glu,0.0,0.0,0.0,0.0,0.111111,0.0,0.0,0.0,0.0,0.111111,0.0,0.0,0.0,0.0,0.0,0.111111,0.111111,0.111111,0.222222,0.111111,0.111111
Gly,0.0,0.0,0.055556,0.0,0.027778,0.055556,0.027778,0.0,0.0,0.0,0.166667,0.0,0.0,0.0,0.0,0.0,0.111111,0.111111,0.055556,0.055556,0.333333
